count,Year,month,day,season,doy,temp,P2_mean,P5_mean,Growing_season_len
524,2002,6,8,,159,7.6,158.05,221.6,63.55
525,2002,6,9,,160,6.4,158.05,221.6,63.55
526,2002,6,10,,161,1.4,158.05,221.6,63.55
527,2002,6,11,,162,-0.5,158.05,221.6,63.55
528,2002,6,12,,163,0.9,158.05,221.6,63.55
529,2002,6,13,,164,4.0,158.05,221.6,63.55
530,2002,6,14,,165,1.6,158.05,221.6,63.55
531,2002,6,15,,166,1.9,158.05,221.6,63.55
532,2002,6,16,,167,1.3,158.05,221.6,63.55
533,2002,6,17,,168,0.9,158.05,221.6,63.55
534,2002,6,18,,169,0.8,158.05,221.6,63.55
535,2002,6,19,,170,3.6,158.05,221.6,63.55
536,2002,6,20,,171,2.8,158.05,221.6,63.55
537,2002,6,21,,172,1.4,158.05,221.6,63.55
538,2002,6,22,,173,3.0,158.05,221.6,63.55
539,2002,6,23,,174,5.1,158.05,221.6,63.55
540,2002,6,24,,175,1.5,158.05,221.6,63.55
541,2002,6,25,,176,4.0,158.05,221.6,63.55
542,2002,6,26,,177,10.1,158.05,221.6,63.55
543,2002,6,27,,178,4.7,158.05,221.6,63.55
544,2002,6,28,,179,1.4,158.05,221.6,63.55
545,2002,6,29,,180,3.4,158.05,221.6,63.55
546,2002,6,30,,181,4.9,158.05,221.6,63.55
547,2002,7,1,,182,5.4,158.05,221.6,63.55
548,2002,7,2,,183,6.4,158.05,221.6,63.55
549,2002,7,3,,184,1.9,158.05,221.6,63.55
550,2002,7,4,,185,3.1,158.05,221.6,63.55
551,2002,7,5,,186,5.1,158.05,221.6,63.55
552,2002,7,6,,187,6.1,158.05,221.6,63.55
553,2002,7,7,,188,4.4,158.05,221.6,63.55
554,2002,7,8,,189,4.6,158.05,221.6,63.55
555,2002,7,9,,190,5.8,158.05,221.6,63.55
556,2002,7,10,,191,5.7,158.05,221.6,63.55
557,2002,7,11,,192,0.7,158.05,221.6,63.55
558,2002,7,12,,193,3.8,158.05,221.6,63.55
559,2002,7,13,,194,4.9,158.05,221.6,63.55
560,2002,7,14,,195,4.1,158.05,221.6,63.55
561,2002,7,15,,196,4.6,158.05,221.6,63.55
562,2002,7,16,,197,9.7,158.05,221.6,63.55
563,2002,7,17,,198,11.5,158.05,221.6,63.55
564,2002,7,18,,199,12.8,158.05,221.6,63.55
565,2002,7,19,,200,15.0,158.05,221.6,63.55
566,2002,7,20,,201,13.5,158.05,221.6,63.55
567,2002,7,21,,202,11.9,158.05,221.6,63.55
568,2002,7,22,,203,11.0,158.05,221.6,63.55
569,2002,7,23,,204,8.6,158.05,221.6,63.55
570,2002,7,24,,205,8.4,158.05,221.6,63.55
571,2002,7,25,,206,6.4,158.05,221.6,63.55
572,2002,7,26,,207,3.8,158.05,221.6,63.55
573,2002,7,27,,208,2.9,158.05,221.6,63.55
574,2002,7,28,,209,1.0,158.05,221.6,63.55
575,2002,7,29,,210,1.0,158.05,221.6,63.55
576,2002,7,30,,211,3.0,158.05,221.6,63.55
577,2002,7,31,,212,2.2,158.05,221.6,63.55
578,2002,8,1,,213,7.1,158.05,221.6,63.55
579,2002,8,2,,214,7.5,158.05,221.6,63.55
580,2002,8,3,,215,13.1,158.05,221.6,63.55
581,2002,8,4,,216,10.3,158.05,221.6,63.55
582,2002,8,5,,217,5.4,158.05,221.6,63.55
583,2002,8,6,,218,2.4,158.05,221.6,63.55
584,2002,8,7,,219,5.5,158.05,221.6,63.55
585,2002,8,8,,220,5.6,158.05,221.6,63.55
586,2002,8,9,,221,4.9,158.05,221.6,63.55
903,2003,6,22,,173,5.1,172.21052631578948,216.94736842105263,44.73684210526316
904,2003,6,23,,174,1.7,172.21052631578948,216.94736842105263,44.73684210526316
905,2003,6,24,,175,2.4,172.21052631578948,216.94736842105263,44.73684210526316
906,2003,6,25,,176,5.4,172.21052631578948,216.94736842105263,44.73684210526316
907,2003,6,26,,177,7.8,172.21052631578948,216.94736842105263,44.73684210526316
908,2003,6,27,,178,8.5,172.21052631578948,216.94736842105263,44.73684210526316
909,2003,6,28,,179,9.8,172.21052631578948,216.94736842105263,44.73684210526316
910,2003,6,29,,180,9.6,172.21052631578948,216.94736842105263,44.73684210526316
911,2003,6,30,,181,11.3,172.21052631578948,216.94736842105263,44.73684210526316
912,2003,7,1,,182,8.3,172.21052631578948,216.94736842105263,44.73684210526316
913,2003,7,2,,183,11.5,172.21052631578948,216.94736842105263,44.73684210526316
914,2003,7,3,,184,9.5,172.21052631578948,216.94736842105263,44.73684210526316
915,2003,7,4,,185,7.2,172.21052631578948,216.94736842105263,44.73684210526316
916,2003,7,5,,186,12.3,172.21052631578948,216.94736842105263,44.73684210526316
917,2003,7,6,,187,10.4,172.21052631578948,216.94736842105263,44.73684210526316
918,2003,7,7,,188,6.4,172.21052631578948,216.94736842105263,44.73684210526316
919,2003,7,8,,189,7.1,172.21052631578948,216.94736842105263,44.73684210526316
920,2003,7,9,,190,4.7,172.21052631578948,216.94736842105263,44.73684210526316
921,2003,7,10,,191,4.0,172.21052631578948,216.94736842105263,44.73684210526316
922,2003,7,11,,192,7.6,172.21052631578948,216.94736842105263,44.73684210526316
923,2003,7,12,,193,8.9,172.21052631578948,216.94736842105263,44.73684210526316
924,2003,7,13,,194,3.8,172.21052631578948,216.94736842105263,44.73684210526316
925,2003,7,14,,195,5.8,172.21052631578948,216.94736842105263,44.73684210526316
926,2003,7,15,,196,,172.21052631578948,216.94736842105263,44.73684210526316
927,2003,7,16,,197,1.8,172.21052631578948,216.94736842105263,44.73684210526316
928,2003,7,17,,198,3.4,172.21052631578948,216.94736842105263,44.73684210526316
929,2003,7,18,,199,8.0,172.21052631578948,216.94736842105263,44.73684210526316
930,2003,7,19,,200,8.8,172.21052631578948,216.94736842105263,44.73684210526316
931,2003,7,20,,201,12.2,172.21052631578948,216.94736842105263,44.73684210526316
932,2003,7,21,,202,12.9,172.21052631578948,216.94736842105263,44.73684210526316
933,2003,7,22,,203,10.4,172.21052631578948,216.94736842105263,44.73684210526316
934,2003,7,23,,204,8.0,172.21052631578948,216.94736842105263,44.73684210526316
935,2003,7,24,,205,12.1,172.21052631578948,216.94736842105263,44.73684210526316
936,2003,7,25,,206,9.2,172.21052631578948,216.94736842105263,44.73684210526316
937,2003,7,26,,207,4.1,172.21052631578948,216.94736842105263,44.73684210526316
938,2003,7,27,,208,5.0,172.21052631578948,216.94736842105263,44.73684210526316
939,2003,7,28,,209,4.5,172.21052631578948,216.94736842105263,44.73684210526316
940,2003,7,29,,210,9.5,172.21052631578948,216.94736842105263,44.73684210526316
941,2003,7,30,,211,4.5,172.21052631578948,216.94736842105263,44.73684210526316
942,2003,7,31,,212,2.2,172.21052631578948,216.94736842105263,44.73684210526316
943,2003,8,1,,213,2.9,172.21052631578948,216.94736842105263,44.73684210526316
944,2003,8,2,,214,3.7,172.21052631578948,216.94736842105263,44.73684210526316
945,2003,8,3,,215,5.0,172.21052631578948,216.94736842105263,44.73684210526316
946,2003,8,4,,216,4.2,172.21052631578948,216.94736842105263,44.73684210526316
1271,2004,6,24,,176,10.9,176.0,212.25,36.25
1272,2004,6,25,,177,7.6,176.0,212.25,36.25
1273,2004,6,26,,178,6.0,176.0,212.25,36.25
1274,2004,6,27,,179,4.4,176.0,212.25,36.25
1275,2004,6,28,,180,11.1,176.0,212.25,36.25
1276,2004,6,29,,181,8.9,176.0,212.25,36.25
1277,2004,6,30,,182,5.1,176.0,212.25,36.25
1278,2004,7,1,,183,5.6,176.0,212.25,36.25
1279,2004,7,2,,184,10.4,176.0,212.25,36.25
1280,2004,7,3,,185,10.6,176.0,212.25,36.25
1281,2004,7,4,,186,12.1,176.0,212.25,36.25
1282,2004,7,5,,187,10.6,176.0,212.25,36.25
1283,2004,7,6,,188,7.0,176.0,212.25,36.25
1284,2004,7,7,,189,9.1,176.0,212.25,36.25
1285,2004,7,8,,190,7.7,176.0,212.25,36.25
1286,2004,7,9,,191,9.8,176.0,212.25,36.25
1287,2004,7,10,,192,6.3,176.0,212.25,36.25
1288,2004,7,11,,193,11.3,176.0,212.25,36.25
1289,2004,7,12,,194,9.0,176.0,212.25,36.25
1290,2004,7,13,,195,6.5,176.0,212.25,36.25
1291,2004,7,14,,196,10.6,176.0,212.25,36.25
1292,2004,7,15,,197,11.0,176.0,212.25,36.25
1293,2004,7,16,,198,8.5,176.0,212.25,36.25
1294,2004,7,17,,199,9.5,176.0,212.25,36.25
1295,2004,7,18,,200,10.3,176.0,212.25,36.25
1296,2004,7,19,,201,9.0,176.0,212.25,36.25
1297,2004,7,20,,202,5.5,176.0,212.25,36.25
1298,2004,7,21,,203,5.4,176.0,212.25,36.25
1299,2004,7,22,,204,10.7,176.0,212.25,36.25
1300,2004,7,23,,205,12.8,176.0,212.25,36.25
1301,2004,7,24,,206,8.8,176.0,212.25,36.25
1302,2004,7,25,,207,12.0,176.0,212.25,36.25
1303,2004,7,26,,208,13.8,176.0,212.25,36.25
1304,2004,7,27,,209,16.6,176.0,212.25,36.25
1305,2004,7,28,,210,9.7,176.0,212.25,36.25
1306,2004,7,29,,211,5.3,176.0,212.25,36.25
1307,2004,7,30,,212,8.7,176.0,212.25,36.25
1628,2005,6,16,,167,2.6,166.8,217.7,50.9
1629,2005,6,17,,168,3.4,166.8,217.7,50.9
1630,2005,6,18,,169,1.6,166.8,217.7,50.9
1631,2005,6,19,,170,2.5,166.8,217.7,50.9
1632,2005,6,20,,171,3.1,166.8,217.7,50.9
1633,2005,6,21,,172,2.4,166.8,217.7,50.9
1634,2005,6,22,,173,0.3,166.8,217.7,50.9
1635,2005,6,23,,174,0.5,166.8,217.7,50.9
1636,2005,6,24,,175,1.7,166.8,217.7,50.9
1637,2005,6,25,,176,2.5,166.8,217.7,50.9
1638,2005,6,26,,177,3.6,166.8,217.7,50.9
1639,2005,6,27,,178,3.9,166.8,217.7,50.9
1640,2005,6,28,,179,6.8,166.8,217.7,50.9
1641,2005,6,29,,180,7.2,166.8,217.7,50.9
1642,2005,6,30,,181,3.9,166.8,217.7,50.9
1643,2005,7,1,,182,4.1,166.8,217.7,50.9
1644,2005,7,2,,183,5.6,166.8,217.7,50.9
1645,2005,7,3,,184,4.2,166.8,217.7,50.9
1646,2005,7,4,,185,2.6,166.8,217.7,50.9
1647,2005,7,5,,186,4.4,166.8,217.7,50.9
1648,2005,7,6,,187,4.5,166.8,217.7,50.9
1649,2005,7,7,,188,2.2,166.8,217.7,50.9
1650,2005,7,8,,189,6.3,166.8,217.7,50.9
1651,2005,7,9,,190,4.7,166.8,217.7,50.9
1652,2005,7,10,,191,7.4,166.8,217.7,50.9
1653,2005,7,11,,192,4.8,166.8,217.7,50.9
1654,2005,7,12,,193,6.4,166.8,217.7,50.9
1655,2005,7,13,,194,6.5,166.8,217.7,50.9
1656,2005,7,14,,195,7.5,166.8,217.7,50.9
1657,2005,7,15,,196,5.6,166.8,217.7,50.9
1658,2005,7,16,,197,6.4,166.8,217.7,50.9
1659,2005,7,17,,198,6.7,166.8,217.7,50.9
1660,2005,7,18,,199,6.4,166.8,217.7,50.9
1661,2005,7,19,,200,4.6,166.8,217.7,50.9
1662,2005,7,20,,201,4.1,166.8,217.7,50.9
1663,2005,7,21,,202,5.6,166.8,217.7,50.9
1664,2005,7,22,,203,5.2,166.8,217.7,50.9
1665,2005,7,23,,204,5.4,166.8,217.7,50.9
1666,2005,7,24,,205,2.7,166.8,217.7,50.9
1667,2005,7,25,,206,5.7,166.8,217.7,50.9
1668,2005,7,26,,207,6.2,166.8,217.7,50.9
1669,2005,7,27,,208,6.5,166.8,217.7,50.9
1670,2005,7,28,,209,5.9,166.8,217.7,50.9
1671,2005,7,29,,210,4.6,166.8,217.7,50.9
1672,2005,7,30,,211,4.7,166.8,217.7,50.9
1673,2005,7,31,,212,4.0,166.8,217.7,50.9
1674,2005,8,1,,213,3.2,166.8,217.7,50.9
1675,2005,8,2,,214,6.2,166.8,217.7,50.9
1676,2005,8,3,,215,6.7,166.8,217.7,50.9
1677,2005,8,4,,216,10.7,166.8,217.7,50.9
1678,2005,8,5,,217,12.2,166.8,217.7,50.9
1985,2006,6,8,,159,4.0,158.66666666666666,204.66666666666666,46.0
1986,2006,6,9,,160,3.4,158.66666666666666,204.66666666666666,46.0
1987,2006,6,10,,161,9.9,158.66666666666666,204.66666666666666,46.0
1988,2006,6,11,,162,8.5,158.66666666666666,204.66666666666666,46.0
1989,2006,6,12,,163,5.4,158.66666666666666,204.66666666666666,46.0
1990,2006,6,13,,164,6.2,158.66666666666666,204.66666666666666,46.0
1991,2006,6,14,,165,3.7,158.66666666666666,204.66666666666666,46.0
1992,2006,6,15,,166,4.2,158.66666666666666,204.66666666666666,46.0
1993,2006,6,16,,167,4.9,158.66666666666666,204.66666666666666,46.0
1994,2006,6,17,,168,3.2,158.66666666666666,204.66666666666666,46.0
1995,2006,6,18,,169,5.8,158.66666666666666,204.66666666666666,46.0
1996,2006,6,19,,170,4.5,158.66666666666666,204.66666666666666,46.0
1997,2006,6,20,,171,8.5,158.66666666666666,204.66666666666666,46.0
1998,2006,6,21,,172,7.3,158.66666666666666,204.66666666666666,46.0
1999,2006,6,22,,173,9.9,158.66666666666666,204.66666666666666,46.0
2000,2006,6,23,,174,5.9,158.66666666666666,204.66666666666666,46.0
2001,2006,6,24,,175,4.5,158.66666666666666,204.66666666666666,46.0
2002,2006,6,25,,176,10.0,158.66666666666666,204.66666666666666,46.0
2003,2006,6,26,,177,8.9,158.66666666666666,204.66666666666666,46.0
2004,2006,6,27,,178,4.2,158.66666666666666,204.66666666666666,46.0
2005,2006,6,28,,179,8.7,158.66666666666666,204.66666666666666,46.0
2006,2006,6,29,,180,5.9,158.66666666666666,204.66666666666666,46.0
2007,2006,6,30,,181,9.8,158.66666666666666,204.66666666666666,46.0
2008,2006,7,1,,182,8.8,158.66666666666666,204.66666666666666,46.0
2009,2006,7,2,,183,4.9,158.66666666666666,204.66666666666666,46.0
2010,2006,7,3,,184,3.4,158.66666666666666,204.66666666666666,46.0
2011,2006,7,4,,185,2.2,158.66666666666666,204.66666666666666,46.0
2012,2006,7,5,,186,0.9,158.66666666666666,204.66666666666666,46.0
2013,2006,7,6,,187,1.3,158.66666666666666,204.66666666666666,46.0
2014,2006,7,7,,188,1.7,158.66666666666666,204.66666666666666,46.0
2015,2006,7,8,,189,4.3,158.66666666666666,204.66666666666666,46.0
2016,2006,7,9,,190,6.1,158.66666666666666,204.66666666666666,46.0
2017,2006,7,10,,191,6.8,158.66666666666666,204.66666666666666,46.0
2018,2006,7,11,,192,8.2,158.66666666666666,204.66666666666666,46.0
2019,2006,7,12,,193,8.5,158.66666666666666,204.66666666666666,46.0
2020,2006,7,13,,194,11.2,158.66666666666666,204.66666666666666,46.0
2021,2006,7,14,,195,8.8,158.66666666666666,204.66666666666666,46.0
2022,2006,7,15,,196,10.4,158.66666666666666,204.66666666666666,46.0
2023,2006,7,16,,197,11.3,158.66666666666666,204.66666666666666,46.0
2024,2006,7,17,,198,11.8,158.66666666666666,204.66666666666666,46.0
2025,2006,7,18,,199,13.5,158.66666666666666,204.66666666666666,46.0
2026,2006,7,19,,200,12.5,158.66666666666666,204.66666666666666,46.0
2027,2006,7,20,,201,10.5,158.66666666666666,204.66666666666666,46.0
2028,2006,7,21,,202,8.2,158.66666666666666,204.66666666666666,46.0
2029,2006,7,22,,203,5.7,158.66666666666666,204.66666666666666,46.0
2030,2006,7,23,,204,5.5,158.66666666666666,204.66666666666666,46.0
2363,2007,6,21,,172,8.3,171.46666666666667,211.53333333333333,40.06666666666667
2364,2007,6,22,,173,9.0,171.46666666666667,211.53333333333333,40.06666666666667
2365,2007,6,23,,174,5.4,171.46666666666667,211.53333333333333,40.06666666666667
2366,2007,6,24,,175,6.0,171.46666666666667,211.53333333333333,40.06666666666667
2367,2007,6,25,,176,6.4,171.46666666666667,211.53333333333333,40.06666666666667
2368,2007,6,26,,177,4.6,171.46666666666667,211.53333333333333,40.06666666666667
2369,2007,6,27,,178,5.0,171.46666666666667,211.53333333333333,40.06666666666667
2370,2007,6,28,,179,6.0,171.46666666666667,211.53333333333333,40.06666666666667
2371,2007,6,29,,180,7.7,171.46666666666667,211.53333333333333,40.06666666666667
2372,2007,6,30,,181,10.5,171.46666666666667,211.53333333333333,40.06666666666667
2373,2007,7,1,,182,6.2,171.46666666666667,211.53333333333333,40.06666666666667
2374,2007,7,2,,183,6.0,171.46666666666667,211.53333333333333,40.06666666666667
2375,2007,7,3,,184,7.5,171.46666666666667,211.53333333333333,40.06666666666667
2376,2007,7,4,,185,14.3,171.46666666666667,211.53333333333333,40.06666666666667
2377,2007,7,5,,186,6.3,171.46666666666667,211.53333333333333,40.06666666666667
2378,2007,7,6,,187,2.9,171.46666666666667,211.53333333333333,40.06666666666667
2379,2007,7,7,,188,7.7,171.46666666666667,211.53333333333333,40.06666666666667
2380,2007,7,8,,189,7.4,171.46666666666667,211.53333333333333,40.06666666666667
2381,2007,7,9,,190,8.5,171.46666666666667,211.53333333333333,40.06666666666667
2382,2007,7,10,,191,8.7,171.46666666666667,211.53333333333333,40.06666666666667
2383,2007,7,11,,192,6.9,171.46666666666667,211.53333333333333,40.06666666666667
2384,2007,7,12,,193,12.6,171.46666666666667,211.53333333333333,40.06666666666667
2385,2007,7,13,,194,15.7,171.46666666666667,211.53333333333333,40.06666666666667
2386,2007,7,14,,195,10.8,171.46666666666667,211.53333333333333,40.06666666666667
2387,2007,7,15,,196,11.2,171.46666666666667,211.53333333333333,40.06666666666667
2388,2007,7,16,,197,10.8,171.46666666666667,211.53333333333333,40.06666666666667
2389,2007,7,17,,198,9.2,171.46666666666667,211.53333333333333,40.06666666666667
2390,2007,7,18,,199,9.3,171.46666666666667,211.53333333333333,40.06666666666667
2391,2007,7,19,,200,6.0,171.46666666666667,211.53333333333333,40.06666666666667
2392,2007,7,20,,201,6.3,171.46666666666667,211.53333333333333,40.06666666666667
2393,2007,7,21,,202,7.1,171.46666666666667,211.53333333333333,40.06666666666667
2394,2007,7,22,,203,6.9,171.46666666666667,211.53333333333333,40.06666666666667
2395,2007,7,23,,204,8.1,171.46666666666667,211.53333333333333,40.06666666666667
2396,2007,7,24,,205,8.3,171.46666666666667,211.53333333333333,40.06666666666667
2397,2007,7,25,,206,9.5,171.46666666666667,211.53333333333333,40.06666666666667
2398,2007,7,26,,207,11.3,171.46666666666667,211.53333333333333,40.06666666666667
2399,2007,7,27,,208,9.4,171.46666666666667,211.53333333333333,40.06666666666667
2400,2007,7,28,,209,10.6,171.46666666666667,211.53333333333333,40.06666666666667
2401,2007,7,29,,210,9.1,171.46666666666667,211.53333333333333,40.06666666666667
2402,2007,7,30,,211,8.0,171.46666666666667,211.53333333333333,40.06666666666667
2714,2008,6,6,,158,3.4,157.64285714285714,213.42857142857142,55.785714285714285
2715,2008,6,7,,159,3.3,157.64285714285714,213.42857142857142,55.785714285714285
2716,2008,6,8,,160,3.3,157.64285714285714,213.42857142857142,55.785714285714285
2717,2008,6,9,,161,2.9,157.64285714285714,213.42857142857142,55.785714285714285
2718,2008,6,10,,162,5.9,157.64285714285714,213.42857142857142,55.785714285714285
2719,2008,6,11,,163,4.5,157.64285714285714,213.42857142857142,55.785714285714285
2720,2008,6,12,,164,3.0,157.64285714285714,213.42857142857142,55.785714285714285
2721,2008,6,13,,165,4.1,157.64285714285714,213.42857142857142,55.785714285714285
2722,2008,6,14,,166,6.4,157.64285714285714,213.42857142857142,55.785714285714285
2723,2008,6,15,,167,8.3,157.64285714285714,213.42857142857142,55.785714285714285
2724,2008,6,16,,168,5.9,157.64285714285714,213.42857142857142,55.785714285714285
2725,2008,6,17,,169,3.4,157.64285714285714,213.42857142857142,55.785714285714285
2726,2008,6,18,,170,4.5,157.64285714285714,213.42857142857142,55.785714285714285
2727,2008,6,19,,171,4.1,157.64285714285714,213.42857142857142,55.785714285714285
2728,2008,6,20,,172,5.2,157.64285714285714,213.42857142857142,55.785714285714285
2729,2008,6,21,,173,9.2,157.64285714285714,213.42857142857142,55.785714285714285
2730,2008,6,22,,174,9.5,157.64285714285714,213.42857142857142,55.785714285714285
2731,2008,6,23,,175,15.9,157.64285714285714,213.42857142857142,55.785714285714285
2732,2008,6,24,,176,11.0,157.64285714285714,213.42857142857142,55.785714285714285
2733,2008,6,25,,177,15.1,157.64285714285714,213.42857142857142,55.785714285714285
2734,2008,6,26,,178,10.5,157.64285714285714,213.42857142857142,55.785714285714285
2735,2008,6,27,,179,8.1,157.64285714285714,213.42857142857142,55.785714285714285
2736,2008,6,28,,180,8.9,157.64285714285714,213.42857142857142,55.785714285714285
2737,2008,6,29,,181,8.3,157.64285714285714,213.42857142857142,55.785714285714285
2738,2008,6,30,,182,14.8,157.64285714285714,213.42857142857142,55.785714285714285
2739,2008,7,1,,183,11.3,157.64285714285714,213.42857142857142,55.785714285714285
2740,2008,7,2,,184,6.3,157.64285714285714,213.42857142857142,55.785714285714285
2741,2008,7,3,,185,10.7,157.64285714285714,213.42857142857142,55.785714285714285
2742,2008,7,4,,186,13.4,157.64285714285714,213.42857142857142,55.785714285714285
2743,2008,7,5,,187,13.1,157.64285714285714,213.42857142857142,55.785714285714285
2744,2008,7,6,,188,14.9,157.64285714285714,213.42857142857142,55.785714285714285
2745,2008,7,7,,189,15.3,157.64285714285714,213.42857142857142,55.785714285714285
2746,2008,7,8,,190,13.5,157.64285714285714,213.42857142857142,55.785714285714285
2747,2008,7,9,,191,7.4,157.64285714285714,213.42857142857142,55.785714285714285
2748,2008,7,10,,192,11.3,157.64285714285714,213.42857142857142,55.785714285714285
2749,2008,7,11,,193,7.9,157.64285714285714,213.42857142857142,55.785714285714285
2750,2008,7,12,,194,10.4,157.64285714285714,213.42857142857142,55.785714285714285
2751,2008,7,13,,195,13.5,157.64285714285714,213.42857142857142,55.785714285714285
2752,2008,7,14,,196,11.0,157.64285714285714,213.42857142857142,55.785714285714285
2753,2008,7,15,,197,12.3,157.64285714285714,213.42857142857142,55.785714285714285
2754,2008,7,16,,198,13.5,157.64285714285714,213.42857142857142,55.785714285714285
2755,2008,7,17,,199,9.1,157.64285714285714,213.42857142857142,55.785714285714285
2756,2008,7,18,,200,7.5,157.64285714285714,213.42857142857142,55.785714285714285
2757,2008,7,19,,201,8.9,157.64285714285714,213.42857142857142,55.785714285714285
2758,2008,7,20,,202,9.0,157.64285714285714,213.42857142857142,55.785714285714285
2759,2008,7,21,,203,5.6,157.64285714285714,213.42857142857142,55.785714285714285
2760,2008,7,22,,204,4.2,157.64285714285714,213.42857142857142,55.785714285714285
2761,2008,7,23,,205,5.7,157.64285714285714,213.42857142857142,55.785714285714285
2762,2008,7,24,,206,4.6,157.64285714285714,213.42857142857142,55.785714285714285
2763,2008,7,25,,207,8.0,157.64285714285714,213.42857142857142,55.785714285714285
2764,2008,7,26,,208,12.9,157.64285714285714,213.42857142857142,55.785714285714285
2765,2008,7,27,,209,15.4,157.64285714285714,213.42857142857142,55.785714285714285
2766,2008,7,28,,210,10.4,157.64285714285714,213.42857142857142,55.785714285714285
2767,2008,7,29,,211,9.3,157.64285714285714,213.42857142857142,55.785714285714285
2768,2008,7,30,,212,4.3,157.64285714285714,213.42857142857142,55.785714285714285
2769,2008,7,31,,213,5.5,157.64285714285714,213.42857142857142,55.785714285714285
3089,2009,6,16,,167,2.3,166.33333333333334,225.58333333333334,59.25
3090,2009,6,17,,168,2.8,166.33333333333334,225.58333333333334,59.25
3091,2009,6,18,,169,4.0,166.33333333333334,225.58333333333334,59.25
3092,2009,6,19,,170,2.1,166.33333333333334,225.58333333333334,59.25
3093,2009,6,20,,171,1.3,166.33333333333334,225.58333333333334,59.25
3094,2009,6,21,,172,2.7,166.33333333333334,225.58333333333334,59.25
3095,2009,6,22,,173,3.6,166.33333333333334,225.58333333333334,59.25
3096,2009,6,23,,174,2.6,166.33333333333334,225.58333333333334,59.25
3097,2009,6,24,,175,2.4,166.33333333333334,225.58333333333334,59.25
3098,2009,6,25,,176,1.9,166.33333333333334,225.58333333333334,59.25
3099,2009,6,26,,177,3.1,166.33333333333334,225.58333333333334,59.25
3100,2009,6,27,,178,4.9,166.33333333333334,225.58333333333334,59.25
3101,2009,6,28,,179,4.7,166.33333333333334,225.58333333333334,59.25
3102,2009,6,29,,180,5.0,166.33333333333334,225.58333333333334,59.25
3103,2009,6,30,,181,6.4,166.33333333333334,225.58333333333334,59.25
3104,2009,7,1,,182,6.6,166.33333333333334,225.58333333333334,59.25
3105,2009,7,2,,183,5.4,166.33333333333334,225.58333333333334,59.25
3106,2009,7,3,,184,5.6,166.33333333333334,225.58333333333334,59.25
3107,2009,7,4,,185,6.6,166.33333333333334,225.58333333333334,59.25
3108,2009,7,5,,186,7.2,166.33333333333334,225.58333333333334,59.25
3109,2009,7,6,,187,7.7,166.33333333333334,225.58333333333334,59.25
3110,2009,7,7,,188,6.1,166.33333333333334,225.58333333333334,59.25
3111,2009,7,8,,189,6.0,166.33333333333334,225.58333333333334,59.25
3112,2009,7,9,,190,7.7,166.33333333333334,225.58333333333334,59.25
3113,2009,7,10,,191,6.2,166.33333333333334,225.58333333333334,59.25
3114,2009,7,11,,192,8.3,166.33333333333334,225.58333333333334,59.25
3115,2009,7,12,,193,11.1,166.33333333333334,225.58333333333334,59.25
3116,2009,7,13,,194,12.5,166.33333333333334,225.58333333333334,59.25
3117,2009,7,14,,195,7.0,166.33333333333334,225.58333333333334,59.25
3118,2009,7,15,,196,6.3,166.33333333333334,225.58333333333334,59.25
3119,2009,7,16,,197,6.9,166.33333333333334,225.58333333333334,59.25
3120,2009,7,17,,198,5.8,166.33333333333334,225.58333333333334,59.25
3121,2009,7,18,,199,7.4,166.33333333333334,225.58333333333334,59.25
3122,2009,7,19,,200,5.3,166.33333333333334,225.58333333333334,59.25
3123,2009,7,20,,201,6.6,166.33333333333334,225.58333333333334,59.25
3124,2009,7,21,,202,5.9,166.33333333333334,225.58333333333334,59.25
3125,2009,7,22,,203,6.1,166.33333333333334,225.58333333333334,59.25
3126,2009,7,23,,204,6.9,166.33333333333334,225.58333333333334,59.25
3127,2009,7,24,,205,7.1,166.33333333333334,225.58333333333334,59.25
3128,2009,7,25,,206,9.8,166.33333333333334,225.58333333333334,59.25
3129,2009,7,26,,207,13.9,166.33333333333334,225.58333333333334,59.25
3130,2009,7,27,,208,13.1,166.33333333333334,225.58333333333334,59.25
3131,2009,7,28,,209,13.0,166.33333333333334,225.58333333333334,59.25
3132,2009,7,29,,210,12.7,166.33333333333334,225.58333333333334,59.25
3133,2009,7,30,,211,14.5,166.33333333333334,225.58333333333334,59.25
3134,2009,7,31,,212,10.3,166.33333333333334,225.58333333333334,59.25
3135,2009,8,1,,213,7.8,166.33333333333334,225.58333333333334,59.25
3136,2009,8,2,,214,10.6,166.33333333333334,225.58333333333334,59.25
3137,2009,8,3,,215,11.2,166.33333333333334,225.58333333333334,59.25
3138,2009,8,4,,216,9.8,166.33333333333334,225.58333333333334,59.25
3139,2009,8,5,,217,12.8,166.33333333333334,225.58333333333334,59.25
3140,2009,8,6,,218,6.6,166.33333333333334,225.58333333333334,59.25
3141,2009,8,7,,219,7.8,166.33333333333334,225.58333333333334,59.25
3142,2009,8,8,,220,7.5,166.33333333333334,225.58333333333334,59.25
3143,2009,8,9,,221,5.2,166.33333333333334,225.58333333333334,59.25
3144,2009,8,10,,222,3.4,166.33333333333334,225.58333333333334,59.25
3145,2009,8,11,,223,2.3,166.33333333333334,225.58333333333334,59.25
3146,2009,8,12,,224,5.2,166.33333333333334,225.58333333333334,59.25
3147,2009,8,13,,225,4.7,166.33333333333334,225.58333333333334,59.25
3447,2010,6,9,,160,6.4,160.0,218.0,58.0
3448,2010,6,10,,161,,160.0,218.0,58.0
3449,2010,6,11,,162,9.6,160.0,218.0,58.0
3450,2010,6,12,,163,7.8,160.0,218.0,58.0
3451,2010,6,13,,164,2.2,160.0,218.0,58.0
3452,2010,6,14,,165,2.5,160.0,218.0,58.0
3453,2010,6,15,,166,2.3,160.0,218.0,58.0
3454,2010,6,16,,167,1.7,160.0,218.0,58.0
3455,2010,6,17,,168,3.5,160.0,218.0,58.0
3456,2010,6,18,,169,4.0,160.0,218.0,58.0
3457,2010,6,19,,170,3.0,160.0,218.0,58.0
3458,2010,6,20,,171,3.1,160.0,218.0,58.0
3459,2010,6,21,,172,2.6,160.0,218.0,58.0
3460,2010,6,22,,173,2.9,160.0,218.0,58.0
3461,2010,6,23,,174,6.5,160.0,218.0,58.0
3462,2010,6,24,,175,4.5,160.0,218.0,58.0
3463,2010,6,25,,176,5.6,160.0,218.0,58.0
3464,2010,6,26,,177,7.2,160.0,218.0,58.0
3465,2010,6,27,,178,7.5,160.0,218.0,58.0
3466,2010,6,28,,179,6.6,160.0,218.0,58.0
3467,2010,6,29,,180,7.2,160.0,218.0,58.0
3468,2010,6,30,,181,9.1,160.0,218.0,58.0
3469,2010,7,1,,182,8.7,160.0,218.0,58.0
3470,2010,7,2,,183,10.0,160.0,218.0,58.0
3471,2010,7,3,,184,10.7,160.0,218.0,58.0
3472,2010,7,4,,185,11.8,160.0,218.0,58.0
3473,2010,7,5,,186,11.8,160.0,218.0,58.0
3474,2010,7,6,,187,7.9,160.0,218.0,58.0
3475,2010,7,7,,188,6.0,160.0,218.0,58.0
3476,2010,7,8,,189,10.0,160.0,218.0,58.0
3477,2010,7,9,,190,13.0,160.0,218.0,58.0
3478,2010,7,10,,191,7.7,160.0,218.0,58.0
3479,2010,7,11,,192,8.2,160.0,218.0,58.0
3480,2010,7,12,,193,5.0,160.0,218.0,58.0
3481,2010,7,13,,194,4.9,160.0,218.0,58.0
3482,2010,7,14,,195,7.8,160.0,218.0,58.0
3483,2010,7,15,,196,7.8,160.0,218.0,58.0
3484,2010,7,16,,197,10.1,160.0,218.0,58.0
3485,2010,7,17,,198,10.0,160.0,218.0,58.0
3486,2010,7,18,,199,10.3,160.0,218.0,58.0
3487,2010,7,19,,200,7.8,160.0,218.0,58.0
3488,2010,7,20,,201,8.7,160.0,218.0,58.0
3489,2010,7,21,,202,11.8,160.0,218.0,58.0
3490,2010,7,22,,203,13.3,160.0,218.0,58.0
3491,2010,7,23,,204,11.6,160.0,218.0,58.0
3492,2010,7,24,,205,7.5,160.0,218.0,58.0
3493,2010,7,25,,206,9.5,160.0,218.0,58.0
3494,2010,7,26,,207,12.6,160.0,218.0,58.0
3495,2010,7,27,,208,13.9,160.0,218.0,58.0
3496,2010,7,28,,209,12.9,160.0,218.0,58.0
3497,2010,7,29,,210,9.4,160.0,218.0,58.0
3498,2010,7,30,,211,10.0,160.0,218.0,58.0
3499,2010,7,31,,212,13.5,160.0,218.0,58.0
3500,2010,8,1,,213,11.8,160.0,218.0,58.0
3501,2010,8,2,,214,15.7,160.0,218.0,58.0
3502,2010,8,3,,215,14.1,160.0,218.0,58.0
3503,2010,8,4,,216,14.6,160.0,218.0,58.0
3504,2010,8,5,,217,14.5,160.0,218.0,58.0
3505,2010,8,6,,218,11.4,160.0,218.0,58.0
3817,2011,6,14,,165,3.6,164.72727272727272,217.1818181818182,52.45454545454545
3818,2011,6,15,,166,3.7,164.72727272727272,217.1818181818182,52.45454545454545
3819,2011,6,16,,167,5.7,164.72727272727272,217.1818181818182,52.45454545454545
3820,2011,6,17,,168,3.8,164.72727272727272,217.1818181818182,52.45454545454545
3821,2011,6,18,,169,2.2,164.72727272727272,217.1818181818182,52.45454545454545
3822,2011,6,19,,170,4.9,164.72727272727272,217.1818181818182,52.45454545454545
3823,2011,6,20,,171,7.2,164.72727272727272,217.1818181818182,52.45454545454545
3824,2011,6,21,,172,4.6,164.72727272727272,217.1818181818182,52.45454545454545
3825,2011,6,22,,173,6.5,164.72727272727272,217.1818181818182,52.45454545454545
3826,2011,6,23,,174,6.7,164.72727272727272,217.1818181818182,52.45454545454545
3827,2011,6,24,,175,4.1,164.72727272727272,217.1818181818182,52.45454545454545
3828,2011,6,25,,176,4.4,164.72727272727272,217.1818181818182,52.45454545454545
3829,2011,6,26,,177,6.7,164.72727272727272,217.1818181818182,52.45454545454545
3830,2011,6,27,,178,6.5,164.72727272727272,217.1818181818182,52.45454545454545
3831,2011,6,28,,179,4.9,164.72727272727272,217.1818181818182,52.45454545454545
3832,2011,6,29,,180,2.9,164.72727272727272,217.1818181818182,52.45454545454545
3833,2011,6,30,,181,4.0,164.72727272727272,217.1818181818182,52.45454545454545
3834,2011,7,1,,182,10.2,164.72727272727272,217.1818181818182,52.45454545454545
3835,2011,7,2,,183,8.9,164.72727272727272,217.1818181818182,52.45454545454545
3836,2011,7,3,,184,6.2,164.72727272727272,217.1818181818182,52.45454545454545
3837,2011,7,4,,185,5.8,164.72727272727272,217.1818181818182,52.45454545454545
3838,2011,7,5,,186,11.7,164.72727272727272,217.1818181818182,52.45454545454545
3839,2011,7,6,,187,12.2,164.72727272727272,217.1818181818182,52.45454545454545
3840,2011,7,7,,188,9.1,164.72727272727272,217.1818181818182,52.45454545454545
3841,2011,7,8,,189,8.4,164.72727272727272,217.1818181818182,52.45454545454545
3842,2011,7,9,,190,7.2,164.72727272727272,217.1818181818182,52.45454545454545
3843,2011,7,10,,191,7.6,164.72727272727272,217.1818181818182,52.45454545454545
3844,2011,7,11,,192,11.8,164.72727272727272,217.1818181818182,52.45454545454545
3845,2011,7,12,,193,9.6,164.72727272727272,217.1818181818182,52.45454545454545
3846,2011,7,13,,194,8.9,164.72727272727272,217.1818181818182,52.45454545454545
3847,2011,7,14,,195,9.8,164.72727272727272,217.1818181818182,52.45454545454545
3848,2011,7,15,,196,10.0,164.72727272727272,217.1818181818182,52.45454545454545
3849,2011,7,16,,197,9.3,164.72727272727272,217.1818181818182,52.45454545454545
3850,2011,7,17,,198,10.0,164.72727272727272,217.1818181818182,52.45454545454545
3851,2011,7,18,,199,7.8,164.72727272727272,217.1818181818182,52.45454545454545
3852,2011,7,19,,200,7.8,164.72727272727272,217.1818181818182,52.45454545454545
3853,2011,7,20,,201,11.1,164.72727272727272,217.1818181818182,52.45454545454545
3854,2011,7,21,,202,11.5,164.72727272727272,217.1818181818182,52.45454545454545
3855,2011,7,22,,203,11.1,164.72727272727272,217.1818181818182,52.45454545454545
3856,2011,7,23,,204,12.5,164.72727272727272,217.1818181818182,52.45454545454545
3857,2011,7,24,,205,12.3,164.72727272727272,217.1818181818182,52.45454545454545
3858,2011,7,25,,206,8.1,164.72727272727272,217.1818181818182,52.45454545454545
3859,2011,7,26,,207,8.7,164.72727272727272,217.1818181818182,52.45454545454545
3860,2011,7,27,,208,9.8,164.72727272727272,217.1818181818182,52.45454545454545
3861,2011,7,28,,209,10.6,164.72727272727272,217.1818181818182,52.45454545454545
3862,2011,7,29,,210,16.8,164.72727272727272,217.1818181818182,52.45454545454545
3863,2011,7,30,,211,9.0,164.72727272727272,217.1818181818182,52.45454545454545
3864,2011,7,31,,212,8.8,164.72727272727272,217.1818181818182,52.45454545454545
3865,2011,8,1,,213,9.5,164.72727272727272,217.1818181818182,52.45454545454545
3866,2011,8,2,,214,13.0,164.72727272727272,217.1818181818182,52.45454545454545
3867,2011,8,3,,215,10.9,164.72727272727272,217.1818181818182,52.45454545454545
3868,2011,8,4,,216,11.9,164.72727272727272,217.1818181818182,52.45454545454545
3869,2011,8,5,,217,16.8,164.72727272727272,217.1818181818182,52.45454545454545
4173,2012,6,4,,156,-0.3,155.3846153846154,210.76923076923077,55.38461538461539
4174,2012,6,5,,157,-0.3,155.3846153846154,210.76923076923077,55.38461538461539
4175,2012,6,6,,158,0.1,155.3846153846154,210.76923076923077,55.38461538461539
4176,2012,6,7,,159,3.4,155.3846153846154,210.76923076923077,55.38461538461539
4177,2012,6,8,,160,4.3,155.3846153846154,210.76923076923077,55.38461538461539
4178,2012,6,9,,161,3.0,155.3846153846154,210.76923076923077,55.38461538461539
4179,2012,6,10,,162,4.5,155.3846153846154,210.76923076923077,55.38461538461539
4180,2012,6,11,,163,4.5,155.3846153846154,210.76923076923077,55.38461538461539
4181,2012,6,12,,164,2.0,155.3846153846154,210.76923076923077,55.38461538461539
4182,2012,6,13,,165,7.5,155.3846153846154,210.76923076923077,55.38461538461539
4183,2012,6,14,,166,4.0,155.3846153846154,210.76923076923077,55.38461538461539
4184,2012,6,15,,167,6.8,155.3846153846154,210.76923076923077,55.38461538461539
4185,2012,6,16,,168,10.1,155.3846153846154,210.76923076923077,55.38461538461539
4186,2012,6,17,,169,9.3,155.3846153846154,210.76923076923077,55.38461538461539
4187,2012,6,18,,170,4.1,155.3846153846154,210.76923076923077,55.38461538461539
4188,2012,6,19,,171,12.3,155.3846153846154,210.76923076923077,55.38461538461539
4189,2012,6,20,,172,14.4,155.3846153846154,210.76923076923077,55.38461538461539
4190,2012,6,21,,173,16.5,155.3846153846154,210.76923076923077,55.38461538461539
4191,2012,6,22,,174,10.8,155.3846153846154,210.76923076923077,55.38461538461539
4192,2012,6,23,,175,13.9,155.3846153846154,210.76923076923077,55.38461538461539
4193,2012,6,24,,176,11.8,155.3846153846154,210.76923076923077,55.38461538461539
4194,2012,6,25,,177,13.3,155.3846153846154,210.76923076923077,55.38461538461539
4195,2012,6,26,,178,8.3,155.3846153846154,210.76923076923077,55.38461538461539
4196,2012,6,27,,179,9.2,155.3846153846154,210.76923076923077,55.38461538461539
4197,2012,6,28,,180,10.3,155.3846153846154,210.76923076923077,55.38461538461539
4198,2012,6,29,,181,11.0,155.3846153846154,210.76923076923077,55.38461538461539
4199,2012,6,30,,182,11.6,155.3846153846154,210.76923076923077,55.38461538461539
4200,2012,7,1,,183,10.6,155.3846153846154,210.76923076923077,55.38461538461539
4201,2012,7,2,,184,13.1,155.3846153846154,210.76923076923077,55.38461538461539
4202,2012,7,3,,185,16.6,155.3846153846154,210.76923076923077,55.38461538461539
4203,2012,7,4,,186,14.8,155.3846153846154,210.76923076923077,55.38461538461539
4204,2012,7,5,,187,17.3,155.3846153846154,210.76923076923077,55.38461538461539
4205,2012,7,6,,188,18.1,155.3846153846154,210.76923076923077,55.38461538461539
4206,2012,7,7,,189,16.2,155.3846153846154,210.76923076923077,55.38461538461539
4207,2012,7,8,,190,14.8,155.3846153846154,210.76923076923077,55.38461538461539
4208,2012,7,9,,191,9.1,155.3846153846154,210.76923076923077,55.38461538461539
4209,2012,7,10,,192,12.7,155.3846153846154,210.76923076923077,55.38461538461539
4210,2012,7,11,,193,14.2,155.3846153846154,210.76923076923077,55.38461538461539
4211,2012,7,12,,194,17.4,155.3846153846154,210.76923076923077,55.38461538461539
4212,2012,7,13,,195,19.0,155.3846153846154,210.76923076923077,55.38461538461539
4213,2012,7,14,,196,16.7,155.3846153846154,210.76923076923077,55.38461538461539
4214,2012,7,15,,197,12.7,155.3846153846154,210.76923076923077,55.38461538461539
4215,2012,7,16,,198,16.0,155.3846153846154,210.76923076923077,55.38461538461539
4216,2012,7,17,,199,12.2,155.3846153846154,210.76923076923077,55.38461538461539
4217,2012,7,18,,200,11.4,155.3846153846154,210.76923076923077,55.38461538461539
4218,2012,7,19,,201,15.0,155.3846153846154,210.76923076923077,55.38461538461539
4219,2012,7,20,,202,14.3,155.3846153846154,210.76923076923077,55.38461538461539
4220,2012,7,21,,203,11.3,155.3846153846154,210.76923076923077,55.38461538461539
4221,2012,7,22,,204,12.5,155.3846153846154,210.76923076923077,55.38461538461539
4222,2012,7,23,,205,18.9,155.3846153846154,210.76923076923077,55.38461538461539
4223,2012,7,24,,206,17.5,155.3846153846154,210.76923076923077,55.38461538461539
4224,2012,7,25,,207,16.4,155.3846153846154,210.76923076923077,55.38461538461539
4225,2012,7,26,,208,13.6,155.3846153846154,210.76923076923077,55.38461538461539
4226,2012,7,27,,209,16.6,155.3846153846154,210.76923076923077,55.38461538461539
4227,2012,7,28,,210,17.3,155.3846153846154,210.76923076923077,55.38461538461539
4552,2013,6,18,,169,6.8,168.8,217.35,48.55
4553,2013,6,19,,170,3.8,168.8,217.35,48.55
4554,2013,6,20,,171,8.8,168.8,217.35,48.55
4555,2013,6,21,,172,9.8,168.8,217.35,48.55
4556,2013,6,22,,173,4.7,168.8,217.35,48.55
4557,2013,6,23,,174,3.2,168.8,217.35,48.55
4558,2013,6,24,,175,4.3,168.8,217.35,48.55
4559,2013,6,25,,176,2.4,168.8,217.35,48.55
4560,2013,6,26,,177,5.4,168.8,217.35,48.55
4561,2013,6,27,,178,8.6,168.8,217.35,48.55
4562,2013,6,28,,179,8.9,168.8,217.35,48.55
4563,2013,6,29,,180,6.1,168.8,217.35,48.55
4564,2013,6,30,,181,6.3,168.8,217.35,48.55
4565,2013,7,1,,182,8.9,168.8,217.35,48.55
4566,2013,7,2,,183,6.3,168.8,217.35,48.55
4567,2013,7,3,,184,,168.8,217.35,48.55
4568,2013,7,4,,185,6.8,168.8,217.35,48.55
4569,2013,7,5,,186,8.6,168.8,217.35,48.55
4570,2013,7,6,,187,9.8,168.8,217.35,48.55
4571,2013,7,7,,188,9.0,168.8,217.35,48.55
4572,2013,7,8,,189,12.2,168.8,217.35,48.55
4573,2013,7,9,,190,7.0,168.8,217.35,48.55
4574,2013,7,10,,191,4.5,168.8,217.35,48.55
4575,2013,7,11,,192,4.7,168.8,217.35,48.55
4576,2013,7,12,,193,4.1,168.8,217.35,48.55
4577,2013,7,13,,194,8.2,168.8,217.35,48.55
4578,2013,7,14,,195,5.2,168.8,217.35,48.55
4579,2013,7,15,,196,8.9,168.8,217.35,48.55
4580,2013,7,16,,197,8.2,168.8,217.35,48.55
4581,2013,7,17,,198,8.1,168.8,217.35,48.55
4582,2013,7,18,,199,7.8,168.8,217.35,48.55
4583,2013,7,19,,200,9.4,168.8,217.35,48.55
4584,2013,7,20,,201,9.7,168.8,217.35,48.55
4585,2013,7,21,,202,8.8,168.8,217.35,48.55
4586,2013,7,22,,203,16.3,168.8,217.35,48.55
4587,2013,7,23,,204,11.9,168.8,217.35,48.55
4588,2013,7,24,,205,6.9,168.8,217.35,48.55
4589,2013,7,25,,206,8.6,168.8,217.35,48.55
4590,2013,7,26,,207,10.2,168.8,217.35,48.55
4591,2013,7,27,,208,8.7,168.8,217.35,48.55
4592,2013,7,28,,209,13.0,168.8,217.35,48.55
4593,2013,7,29,,210,10.1,168.8,217.35,48.55
4594,2013,7,30,,211,6.0,168.8,217.35,48.55
4595,2013,7,31,,212,10.9,168.8,217.35,48.55
4596,2013,8,1,,213,8.5,168.8,217.35,48.55
4597,2013,8,2,,214,13.4,168.8,217.35,48.55
4598,2013,8,3,,215,15.9,168.8,217.35,48.55
4599,2013,8,4,,216,15.0,168.8,217.35,48.55
4600,2013,8,5,,217,13.8,168.8,217.35,48.55
4906,2014,6,7,,158,1.4,157.31578947368422,212.94736842105263,55.63157894736842
4907,2014,6,8,,159,1.7,157.31578947368422,212.94736842105263,55.63157894736842
4908,2014,6,9,,160,1.8,157.31578947368422,212.94736842105263,55.63157894736842
4909,2014,6,10,,161,3.0,157.31578947368422,212.94736842105263,55.63157894736842
4910,2014,6,11,,162,4.3,157.31578947368422,212.94736842105263,55.63157894736842
4911,2014,6,12,,163,7.0,157.31578947368422,212.94736842105263,55.63157894736842
4912,2014,6,13,,164,3.8,157.31578947368422,212.94736842105263,55.63157894736842
4913,2014,6,14,,165,3.8,157.31578947368422,212.94736842105263,55.63157894736842
4914,2014,6,15,,166,2.9,157.31578947368422,212.94736842105263,55.63157894736842
4915,2014,6,16,,167,6.0,157.31578947368422,212.94736842105263,55.63157894736842
4916,2014,6,17,,168,6.5,157.31578947368422,212.94736842105263,55.63157894736842
4917,2014,6,18,,169,4.0,157.31578947368422,212.94736842105263,55.63157894736842
4918,2014,6,19,,170,2.7,157.31578947368422,212.94736842105263,55.63157894736842
4919,2014,6,20,,171,2.9,157.31578947368422,212.94736842105263,55.63157894736842
4920,2014,6,21,,172,2.0,157.31578947368422,212.94736842105263,55.63157894736842
4921,2014,6,22,,173,7.3,157.31578947368422,212.94736842105263,55.63157894736842
4922,2014,6,23,,174,10.2,157.31578947368422,212.94736842105263,55.63157894736842
4923,2014,6,24,,175,9.7,157.31578947368422,212.94736842105263,55.63157894736842
4924,2014,6,25,,176,8.2,157.31578947368422,212.94736842105263,55.63157894736842
4925,2014,6,26,,177,6.8,157.31578947368422,212.94736842105263,55.63157894736842
4926,2014,6,27,,178,5.7,157.31578947368422,212.94736842105263,55.63157894736842
4927,2014,6,28,,179,8.3,157.31578947368422,212.94736842105263,55.63157894736842
4928,2014,6,29,,180,9.5,157.31578947368422,212.94736842105263,55.63157894736842
4929,2014,6,30,,181,11.2,157.31578947368422,212.94736842105263,55.63157894736842
4930,2014,7,1,,182,13.4,157.31578947368422,212.94736842105263,55.63157894736842
4931,2014,7,2,,183,14.5,157.31578947368422,212.94736842105263,55.63157894736842
4932,2014,7,3,,184,12.8,157.31578947368422,212.94736842105263,55.63157894736842
4933,2014,7,4,,185,10.8,157.31578947368422,212.94736842105263,55.63157894736842
4934,2014,7,5,,186,10.7,157.31578947368422,212.94736842105263,55.63157894736842
4935,2014,7,6,,187,10.2,157.31578947368422,212.94736842105263,55.63157894736842
4936,2014,7,7,,188,10.5,157.31578947368422,212.94736842105263,55.63157894736842
4937,2014,7,8,,189,9.4,157.31578947368422,212.94736842105263,55.63157894736842
4938,2014,7,9,,190,8.1,157.31578947368422,212.94736842105263,55.63157894736842
4939,2014,7,10,,191,8.6,157.31578947368422,212.94736842105263,55.63157894736842
4940,2014,7,11,,192,8.5,157.31578947368422,212.94736842105263,55.63157894736842
4941,2014,7,12,,193,8.7,157.31578947368422,212.94736842105263,55.63157894736842
4942,2014,7,13,,194,12.4,157.31578947368422,212.94736842105263,55.63157894736842
4943,2014,7,14,,195,9.6,157.31578947368422,212.94736842105263,55.63157894736842
4944,2014,7,15,,196,5.7,157.31578947368422,212.94736842105263,55.63157894736842
4945,2014,7,16,,197,7.6,157.31578947368422,212.94736842105263,55.63157894736842
4946,2014,7,17,,198,11.7,157.31578947368422,212.94736842105263,55.63157894736842
4947,2014,7,18,,199,11.3,157.31578947368422,212.94736842105263,55.63157894736842
4948,2014,7,19,,200,7.9,157.31578947368422,212.94736842105263,55.63157894736842
4949,2014,7,20,,201,8.8,157.31578947368422,212.94736842105263,55.63157894736842
4950,2014,7,21,,202,13.7,157.31578947368422,212.94736842105263,55.63157894736842
4951,2014,7,22,,203,7.2,157.31578947368422,212.94736842105263,55.63157894736842
4952,2014,7,23,,204,9.6,157.31578947368422,212.94736842105263,55.63157894736842
4953,2014,7,24,,205,8.5,157.31578947368422,212.94736842105263,55.63157894736842
4954,2014,7,25,,206,4.3,157.31578947368422,212.94736842105263,55.63157894736842
4955,2014,7,26,,207,3.2,157.31578947368422,212.94736842105263,55.63157894736842
4956,2014,7,27,,208,4.9,157.31578947368422,212.94736842105263,55.63157894736842
4957,2014,7,28,,209,8.1,157.31578947368422,212.94736842105263,55.63157894736842
4958,2014,7,29,,210,5.6,157.31578947368422,212.94736842105263,55.63157894736842
4959,2014,7,30,,211,4.1,157.31578947368422,212.94736842105263,55.63157894736842
4960,2014,7,31,,212,4.7,157.31578947368422,212.94736842105263,55.63157894736842
5253,2015,5,20,,140,2.4,140.0,200.31578947368422,60.31578947368421
5254,2015,5,21,,141,3.4,140.0,200.31578947368422,60.31578947368421
5255,2015,5,22,,142,4.3,140.0,200.31578947368422,60.31578947368421
5256,2015,5,23,,143,5.3,140.0,200.31578947368422,60.31578947368421
5257,2015,5,24,,144,3.3,140.0,200.31578947368422,60.31578947368421
5258,2015,5,25,,145,3.7,140.0,200.31578947368422,60.31578947368421
5259,2015,5,26,,146,4.4,140.0,200.31578947368422,60.31578947368421
5260,2015,5,27,,147,6.9,140.0,200.31578947368422,60.31578947368421
5261,2015,5,28,,148,2.9,140.0,200.31578947368422,60.31578947368421
5262,2015,5,29,,149,0.2,140.0,200.31578947368422,60.31578947368421
5263,2015,5,30,,150,0.7,140.0,200.31578947368422,60.31578947368421
5264,2015,5,31,,151,-0.5,140.0,200.31578947368422,60.31578947368421
5265,2015,6,1,,152,-1.0,140.0,200.31578947368422,60.31578947368421
5266,2015,6,2,,153,-0.6,140.0,200.31578947368422,60.31578947368421
5267,2015,6,3,,154,,140.0,200.31578947368422,60.31578947368421
5268,2015,6,4,,155,,140.0,200.31578947368422,60.31578947368421
5269,2015,6,5,,156,2.5,140.0,200.31578947368422,60.31578947368421
5270,2015,6,6,,157,1.7,140.0,200.31578947368422,60.31578947368421
5271,2015,6,7,,158,5.2,140.0,200.31578947368422,60.31578947368421
5272,2015,6,8,,159,5.1,140.0,200.31578947368422,60.31578947368421
5273,2015,6,9,,160,6.7,140.0,200.31578947368422,60.31578947368421
5274,2015,6,10,,161,10.9,140.0,200.31578947368422,60.31578947368421
5275,2015,6,11,,162,4.7,140.0,200.31578947368422,60.31578947368421
5276,2015,6,12,,163,3.9,140.0,200.31578947368422,60.31578947368421
5277,2015,6,13,,164,9.2,140.0,200.31578947368422,60.31578947368421
5278,2015,6,14,,165,8.6,140.0,200.31578947368422,60.31578947368421
5279,2015,6,15,,166,9.5,140.0,200.31578947368422,60.31578947368421
5280,2015,6,16,,167,6.5,140.0,200.31578947368422,60.31578947368421
5281,2015,6,17,,168,9.6,140.0,200.31578947368422,60.31578947368421
5282,2015,6,18,,169,8.8,140.0,200.31578947368422,60.31578947368421
5283,2015,6,19,,170,5.9,140.0,200.31578947368422,60.31578947368421
5284,2015,6,20,,171,11.2,140.0,200.31578947368422,60.31578947368421
5285,2015,6,21,,172,15.0,140.0,200.31578947368422,60.31578947368421
5286,2015,6,22,,173,13.7,140.0,200.31578947368422,60.31578947368421
5287,2015,6,23,,174,9.5,140.0,200.31578947368422,60.31578947368421
5288,2015,6,24,,175,15.5,140.0,200.31578947368422,60.31578947368421
5289,2015,6,25,,176,11.9,140.0,200.31578947368422,60.31578947368421
5290,2015,6,26,,177,8.3,140.0,200.31578947368422,60.31578947368421
5291,2015,6,27,,178,4.6,140.0,200.31578947368422,60.31578947368421
5292,2015,6,28,,179,5.7,140.0,200.31578947368422,60.31578947368421
5293,2015,6,29,,180,12.1,140.0,200.31578947368422,60.31578947368421
5294,2015,6,30,,181,15.3,140.0,200.31578947368422,60.31578947368421
5295,2015,7,1,,182,9.4,140.0,200.31578947368422,60.31578947368421
5296,2015,7,2,,183,6.2,140.0,200.31578947368422,60.31578947368421
5297,2015,7,3,,184,6.6,140.0,200.31578947368422,60.31578947368421
5298,2015,7,4,,185,5.5,140.0,200.31578947368422,60.31578947368421
5299,2015,7,5,,186,8.1,140.0,200.31578947368422,60.31578947368421
5300,2015,7,6,,187,13.1,140.0,200.31578947368422,60.31578947368421
5301,2015,7,7,,188,9.8,140.0,200.31578947368422,60.31578947368421
5302,2015,7,8,,189,4.5,140.0,200.31578947368422,60.31578947368421
5303,2015,7,9,,190,4.7,140.0,200.31578947368422,60.31578947368421
5304,2015,7,10,,191,5.2,140.0,200.31578947368422,60.31578947368421
5305,2015,7,11,,192,6.3,140.0,200.31578947368422,60.31578947368421
5306,2015,7,12,,193,9.9,140.0,200.31578947368422,60.31578947368421
5307,2015,7,13,,194,8.0,140.0,200.31578947368422,60.31578947368421
5308,2015,7,14,,195,6.6,140.0,200.31578947368422,60.31578947368421
5309,2015,7,15,,196,9.9,140.0,200.31578947368422,60.31578947368421
5310,2015,7,16,,197,13.5,140.0,200.31578947368422,60.31578947368421
5311,2015,7,17,,198,17.7,140.0,200.31578947368422,60.31578947368421
5312,2015,7,18,,199,11.4,140.0,200.31578947368422,60.31578947368421
5313,2015,7,19,,200,8.2,140.0,200.31578947368422,60.31578947368421
5635,2016,6,5,,157,4.5,156.38888888888889,198.38888888888889,42.0
5636,2016,6,6,,158,1.2,156.38888888888889,198.38888888888889,42.0
5637,2016,6,7,,159,6.1,156.38888888888889,198.38888888888889,42.0
5638,2016,6,8,,160,0.8,156.38888888888889,198.38888888888889,42.0
5639,2016,6,9,,161,2.5,156.38888888888889,198.38888888888889,42.0
5640,2016,6,10,,162,2.1,156.38888888888889,198.38888888888889,42.0
5641,2016,6,11,,163,4.5,156.38888888888889,198.38888888888889,42.0
5642,2016,6,12,,164,10.7,156.38888888888889,198.38888888888889,42.0
5643,2016,6,13,,165,8.6,156.38888888888889,198.38888888888889,42.0
5644,2016,6,14,,166,4.0,156.38888888888889,198.38888888888889,42.0
5645,2016,6,15,,167,5.9,156.38888888888889,198.38888888888889,42.0
5646,2016,6,16,,168,3.9,156.38888888888889,198.38888888888889,42.0
5647,2016,6,17,,169,3.4,156.38888888888889,198.38888888888889,42.0
5648,2016,6,18,,170,9.7,156.38888888888889,198.38888888888889,42.0
5649,2016,6,19,,171,9.0,156.38888888888889,198.38888888888889,42.0
5650,2016,6,20,,172,6.3,156.38888888888889,198.38888888888889,42.0
5651,2016,6,21,,173,5.6,156.38888888888889,198.38888888888889,42.0
5652,2016,6,22,,174,3.3,156.38888888888889,198.38888888888889,42.0
5653,2016,6,23,,175,6.3,156.38888888888889,198.38888888888889,42.0
5654,2016,6,24,,176,9.3,156.38888888888889,198.38888888888889,42.0
5655,2016,6,25,,177,8.9,156.38888888888889,198.38888888888889,42.0
5656,2016,6,26,,178,9.5,156.38888888888889,198.38888888888889,42.0
5657,2016,6,27,,179,9.6,156.38888888888889,198.38888888888889,42.0
5658,2016,6,28,,180,7.4,156.38888888888889,198.38888888888889,42.0
5659,2016,6,29,,181,10.3,156.38888888888889,198.38888888888889,42.0
5660,2016,6,30,,182,6.3,156.38888888888889,198.38888888888889,42.0
5661,2016,7,1,,183,9.9,156.38888888888889,198.38888888888889,42.0
5662,2016,7,2,,184,10.8,156.38888888888889,198.38888888888889,42.0
5663,2016,7,3,,185,7.6,156.38888888888889,198.38888888888889,42.0
5664,2016,7,4,,186,8.9,156.38888888888889,198.38888888888889,42.0
5665,2016,7,5,,187,12.2,156.38888888888889,198.38888888888889,42.0
5666,2016,7,6,,188,11.7,156.38888888888889,198.38888888888889,42.0
5667,2016,7,7,,189,13.0,156.38888888888889,198.38888888888889,42.0
5668,2016,7,8,,190,11.8,156.38888888888889,198.38888888888889,42.0
5669,2016,7,9,,191,12.4,156.38888888888889,198.38888888888889,42.0
5670,2016,7,10,,192,15.4,156.38888888888889,198.38888888888889,42.0
5671,2016,7,11,,193,12.6,156.38888888888889,198.38888888888889,42.0
5672,2016,7,12,,194,11.4,156.38888888888889,198.38888888888889,42.0
5673,2016,7,13,,195,,156.38888888888889,198.38888888888889,42.0
5674,2016,7,14,,196,,156.38888888888889,198.38888888888889,42.0
5675,2016,7,15,,197,17.1,156.38888888888889,198.38888888888889,42.0
5676,2016,7,16,,198,9.1,156.38888888888889,198.38888888888889,42.0
6001,2017,6,6,,157,1.3,156.42105263157896,209.47368421052633,53.05263157894737
6002,2017,6,7,,158,1.1,156.42105263157896,209.47368421052633,53.05263157894737
6003,2017,6,8,,159,1.5,156.42105263157896,209.47368421052633,53.05263157894737
6004,2017,6,9,,160,0.8,156.42105263157896,209.47368421052633,53.05263157894737
6005,2017,6,10,,161,-0.1,156.42105263157896,209.47368421052633,53.05263157894737
6006,2017,6,11,,162,1.0,156.42105263157896,209.47368421052633,53.05263157894737
6007,2017,6,12,,163,1.8,156.42105263157896,209.47368421052633,53.05263157894737
6008,2017,6,13,,164,0.8,156.42105263157896,209.47368421052633,53.05263157894737
6009,2017,6,14,,165,2.6,156.42105263157896,209.47368421052633,53.05263157894737
6010,2017,6,15,,166,2.8,156.42105263157896,209.47368421052633,53.05263157894737
6011,2017,6,16,,167,2.5,156.42105263157896,209.47368421052633,53.05263157894737
6012,2017,6,17,,168,3.8,156.42105263157896,209.47368421052633,53.05263157894737
6013,2017,6,18,,169,5.8,156.42105263157896,209.47368421052633,53.05263157894737
6014,2017,6,19,,170,6.2,156.42105263157896,209.47368421052633,53.05263157894737
6015,2017,6,20,,171,,156.42105263157896,209.47368421052633,53.05263157894737
6016,2017,6,21,,172,7.5,156.42105263157896,209.47368421052633,53.05263157894737
6017,2017,6,22,,173,8.5,156.42105263157896,209.47368421052633,53.05263157894737
6018,2017,6,23,,174,8.0,156.42105263157896,209.47368421052633,53.05263157894737
6019,2017,6,24,,175,8.1,156.42105263157896,209.47368421052633,53.05263157894737
6020,2017,6,25,,176,8.7,156.42105263157896,209.47368421052633,53.05263157894737
6021,2017,6,26,,177,8.0,156.42105263157896,209.47368421052633,53.05263157894737
6022,2017,6,27,,178,6.9,156.42105263157896,209.47368421052633,53.05263157894737
6023,2017,6,28,,179,7.3,156.42105263157896,209.47368421052633,53.05263157894737
6024,2017,6,29,,180,8.9,156.42105263157896,209.47368421052633,53.05263157894737
6025,2017,6,30,,181,7.4,156.42105263157896,209.47368421052633,53.05263157894737
6026,2017,7,1,,182,8.9,156.42105263157896,209.47368421052633,53.05263157894737
6027,2017,7,2,,183,9.7,156.42105263157896,209.47368421052633,53.05263157894737
6028,2017,7,3,,184,6.4,156.42105263157896,209.47368421052633,53.05263157894737
6029,2017,7,4,,185,6.5,156.42105263157896,209.47368421052633,53.05263157894737
6030,2017,7,5,,186,,156.42105263157896,209.47368421052633,53.05263157894737
6031,2017,7,6,,187,11.5,156.42105263157896,209.47368421052633,53.05263157894737
6032,2017,7,7,,188,14.4,156.42105263157896,209.47368421052633,53.05263157894737
6033,2017,7,8,,189,13.2,156.42105263157896,209.47368421052633,53.05263157894737
6034,2017,7,9,,190,9.3,156.42105263157896,209.47368421052633,53.05263157894737
6035,2017,7,10,,191,10.9,156.42105263157896,209.47368421052633,53.05263157894737
6036,2017,7,11,,192,9.9,156.42105263157896,209.47368421052633,53.05263157894737
6037,2017,7,12,,193,11.1,156.42105263157896,209.47368421052633,53.05263157894737
6038,2017,7,13,,194,9.7,156.42105263157896,209.47368421052633,53.05263157894737
6039,2017,7,14,,195,14.5,156.42105263157896,209.47368421052633,53.05263157894737
6040,2017,7,15,,196,13.3,156.42105263157896,209.47368421052633,53.05263157894737
6041,2017,7,16,,197,10.1,156.42105263157896,209.47368421052633,53.05263157894737
6042,2017,7,17,,198,10.7,156.42105263157896,209.47368421052633,53.05263157894737
6043,2017,7,18,,199,9.3,156.42105263157896,209.47368421052633,53.05263157894737
6044,2017,7,19,,200,12.5,156.42105263157896,209.47368421052633,53.05263157894737
6045,2017,7,20,,201,10.1,156.42105263157896,209.47368421052633,53.05263157894737
6046,2017,7,21,,202,3.8,156.42105263157896,209.47368421052633,53.05263157894737
6047,2017,7,22,,203,8.2,156.42105263157896,209.47368421052633,53.05263157894737
6048,2017,7,23,,204,7.2,156.42105263157896,209.47368421052633,53.05263157894737
6049,2017,7,24,,205,11.0,156.42105263157896,209.47368421052633,53.05263157894737
6050,2017,7,25,,206,6.6,156.42105263157896,209.47368421052633,53.05263157894737
6051,2017,7,26,,207,,156.42105263157896,209.47368421052633,53.05263157894737
6052,2017,7,27,,208,8.6,156.42105263157896,209.47368421052633,53.05263157894737
6053,2017,7,28,,209,13.6,156.42105263157896,209.47368421052633,53.05263157894737
